gp_test_record.consultation_identifier -> NA,NA
gp_test_record.consultation_type -> medical_visit_detail.visit_detail_source_value
gp_test_record.entity_type -> NA,NA
gp_test_record.event_date -> medical_visit_detail.medical_visit_detail_start_date
gp_test_record.event_date -> medical_visit_detail.medical_visit_detail_start_datetime
gp_test_record.medical_code -> NA,NA
gp_test_record.patient_identifier -> NA,NA
gp_test_record.snomed_description_id -> NA,NA
gp_test_record.snomed_expression -> NA,NA
gp_test_record.snomed_ct_concept_id -> NA,NA
gp_test_record.snomed_is_assured -> NA,NA
gp_test_record.snomed_is_indicative -> NA,NA
gp_test_record.snomed_mapping_type -> NA,NA
gp_test_record.snomed_mapping_version -> NA,NA
gp_test_record.staff_identifier -> NA,NA
gp_test_record.system_date -> NA,NA
immunisation_records.batch_number -> NA,NA
immunisation_records.immunisation_compound -> NA,NA
immunisation_records.consultation_identifier -> NA,NA
immunisation_records.event_category_code -> medical_visit_detail.visit_detail_source_value
immunisation_records.event_date -> medical_visit_detail.medical_visit_detail_start_date
immunisation_records.event_date -> medical_visit_detail.medical_visit_detail_start_datetime
immunisation_records.immunisation_type -> NA,NA
immunisation_records.medical_code -> NA,NA
immunisation_records.administration_route -> NA,NA
immunisation_records.patient_identifier -> NA,NA
immunisation_records.administered_reason_code -> NA,NA
immunisation_records.snomed_description_id -> NA,NA
immunisation_records.snomed_expression -> NA,NA
immunisation_records.snomed_ct_concept_id -> NA,NA
immunisation_records.snomed_is_assured -> NA,NA
immunisation_records.snomed_is_indicative -> NA,NA
immunisation_records.snomed_mapping_type -> NA,NA
immunisation_records.snomed_mapping_version -> NA,NA
immunisation_records.immunisation_source -> NA,NA
immunisation_records.staff_identifier -> NA,NA
immunisation_records.immunisation_stage -> NA,NA
immunisation_records.immunisation_status -> NA,NA
immunisation_records.system_date -> NA,NA
medical_consultation.consultation_identifier -> NA,NA
medical_consultation.consultation_type -> NA,NA
medical_consultation.consultation_duration -> NA,NA
medical_consultation.event_date -> NA,NA
medical_consultation.patient_identifier -> NA,NA
medical_consultation.staff_identifier -> NA,NA
medical_consultation.system_date -> NA,NA
medical_history.additional_details_identifier -> NA,NA
medical_history.consultation_identifier -> NA,NA
medical_history.consultation_type -> medical_visit_detail.visit_detail_source_value
medical_history.entity_type -> NA,NA
medical_history.episode_type -> NA,NA
medical_history.event_date -> medical_visit_detail.medical_visit_detail_start_date
medical_history.event_date -> medical_visit_detail.medical_visit_detail_start_datetime
medical_history.medical_code -> NA,NA
medical_history.patient_identifier -> NA,NA
medical_history.snomed_description_id -> NA,NA
medical_history.snomed_expression -> NA,NA
medical_history.snomed_ct_concept_id -> NA,NA
medical_history.snomed_is_assured -> NA,NA
medical_history.snomed_is_indicative -> NA,NA
medical_history.snomed_mapping_type -> NA,NA
medical_history.snomed_mapping_version -> NA,NA
medical_history.staff_identifier -> NA,NA
medical_history.system_date -> NA,NA
patient_information.acceptable_patient_flag -> NA,NA
patient_information.capitation_supplement_level -> NA,NA
patient_information.child_health_surveillance_registration_date -> NA,NA
patient_information.child_health_surveillance_registered_flag -> NA,NA
patient_information.current_registration_date -> NA,NA
patient_information.death_date -> death_event.death_date
patient_information.death_date -> death_event.death_date_time
patient_information.family_number -> NA,NA
patient_information.first_registration_date -> clinical_observation_period.start_date
patient_information.patient_gender -> person_information.gender_concept_id
patient_information.patient_gender -> person_information.gender_source_value
patient_information.internal_transfer_out_periods_number -> NA,NA
patient_information.patient_marital_status -> NA,NA
patient_information.birth_month -> person_information.month_of_birth
patient_information.patient_identifier -> person_information.person_source_value
patient_information.patient_identifier -> death_event.deceased_person_identifier
patient_information.patient_identifier -> person_information.person_identifier
patient_information.patient_identifier -> healthcare_institution.healthcare_institution_identifier
patient_information.patient_identifier -> person_information.healthcare_institution_identifier
patient_information.patient_identifier -> clinical_observation_period.person_identifier
patient_information.prescription_exemption_type -> NA,NA
patient_information.registration_gaps_days -> NA,NA
patient_information.registration_status -> NA,NA
patient_information.transfer_out_date -> clinical_observation_period.end_date
patient_information.transfer_out_reason -> NA,NA
patient_information.vamp_identifier -> NA,NA
patient_information.birth_year -> person_information.year_of_birth
patient_referral.referral_attendance_type -> NA,NA
patient_referral.consultation_identifier -> NA,NA
patient_referral.consultation_type -> medical_visit_detail.visit_detail_source_value
patient_referral.referral_event_date -> medical_visit_detail.medical_visit_detail_start_date
patient_referral.referral_event_date -> medical_visit_detail.medical_visit_detail_start_datetime
patient_referral.fhsa_speciality -> NA,NA
patient_referral.referral_type -> NA,NA
patient_referral.medical_code -> NA,NA
patient_referral.nhs_speciality -> NA,NA
patient_referral.patient_identifier -> NA,NA
patient_referral.snomed_description_id -> NA,NA
patient_referral.snomed_expression -> NA,NA
patient_referral.snomed_ct_concept_id -> NA,NA
patient_referral.snomed_is_assured -> NA,NA
patient_referral.snomed_is_indicative -> NA,NA
patient_referral.snomed_mapping_type -> NA,NA
patient_referral.snomed_mapping_version -> NA,NA
patient_referral.immunisation_source -> NA,NA
patient_referral.staff_identifier -> NA,NA
patient_referral.system_date -> NA,NA
patient_referral.referral_urgency -> NA,NA
practice_details.last_collection_date -> clinical_observation_period.end_date
practice_details.practice_identifier -> healthcare_institution.healthcare_institution_identifier
practice_details.practice_identifier -> healthcare_institution.healthcare_institution_source_value
practice_details.location_region -> healthcare_institution.geographic_location_identifier
practice_details.location_region -> geographic_location.geographic_location_identifier
practice_details.location_region -> geographic_location.location_source_value
practice_details.up_to_standard_date -> clinical_observation_period.start_date
prescription_details.bnf_code -> NA,NA
prescription_details.consultation_identifier -> NA,NA
prescription_details.dosage_identifier -> NA,NA
prescription_details.drug_mapped_dmd_code -> NA,NA
prescription_details.event_date -> medical_visit_detail.medical_visit_detail_start_date
prescription_details.event_date -> medical_visit_detail.medical_visit_detail_start_datetime
prescription_details.issue_sequence_number -> NA,NA
prescription_details.number_of_days -> NA,NA
prescription_details.number_of_packs -> NA,NA
prescription_details.pack_type -> NA,NA
prescription_details.patient_identifier -> NA,NA
prescription_details.prescribed_as_required -> NA,NA
prescription_details.product_code -> NA,NA
prescription_details.total_quantity -> NA,NA
prescription_details.staff_identifier -> NA,NA
prescription_details.system_date -> NA,NA
staff_information.staff_gender -> healthcare_provider.gender_source_value
staff_information.staff_gender -> healthcare_provider.gender_concept_id
staff_information.staff_role -> healthcare_provider.standard_specialty_concept_id
staff_information.staff_role -> healthcare_provider.specialty_source_value
staff_information.staff_identifier -> healthcare_provider.healthcare_institution_identifier
staff_information.staff_identifier -> healthcare_provider.provider_source_value
staff_information.staff_identifier -> healthcare_provider.provider_identifier