care_site.care_site_id (care_site.care_site_id) -> NA,NA
care_site.care_site_name (care_site.care_site_name) -> NA,NA
care_site.care_site_source_value (care_site.care_site_source_value) -> inpatientclaims.prvdr_num(inpatientclaims.prvdr_num) -> None.None
care_site.care_site_source_value (care_site.care_site_source_value) -> outpatientclaims.prvdr_num(outpatientclaims.prvdr_num) -> None.None
care_site.care_site_source_value (care_site.care_site_source_value) -> carrierclaims.tax_num(carrierclaims.tax_num) -> None.None
care_site.location_id (care_site.location_id) -> NA,NA
care_site.place_of_service_concept_id (care_site.place_of_service_concept_id) -> NA,NA
care_site.place_of_service_source_value (care_site.place_of_service_source_value) -> NA,NA
cdm_source.cdm_etl_reference (cdm_source.cdm_etl_reference) -> NA,NA
cdm_source.cdm_holder (cdm_source.cdm_holder) -> NA,NA
cdm_source.cdm_release_date (cdm_source.cdm_release_date) -> NA,NA
cdm_source.cdm_source_abbreviation (cdm_source.cdm_source_abbreviation) -> NA,NA
cdm_source.cdm_source_name (cdm_source.cdm_source_name) -> NA,NA
cdm_source.cdm_version (cdm_source.cdm_version) -> NA,NA
cdm_source.cdm_version_concept_id (cdm_source.cdm_version_concept_id) -> NA,NA
cdm_source.source_description (cdm_source.source_description) -> NA,NA
cdm_source.source_documentation_reference (cdm_source.source_documentation_reference) -> NA,NA
cdm_source.source_release_date (cdm_source.source_release_date) -> NA,NA
cdm_source.vocabulary_version (cdm_source.vocabulary_version) -> NA,NA
cohort.cohort_definition_id (cohort.cohort_definition_id) -> beneficiarysummary.sp_chf(beneficiarysummary.sp_chf) -> None.None
cohort.cohort_definition_id (cohort.cohort_definition_id) -> beneficiarysummary.sp_copd(beneficiarysummary.sp_copd) -> None.None
cohort.cohort_definition_id (cohort.cohort_definition_id) -> beneficiarysummary.bene_esrd_ind(beneficiarysummary.bene_esrd_ind) -> None.None
cohort.cohort_definition_id (cohort.cohort_definition_id) -> beneficiarysummary.sp_alzhdmta(beneficiarysummary.sp_alzhdmta) -> None.None
cohort.cohort_definition_id (cohort.cohort_definition_id) -> beneficiarysummary.sp_cncr(beneficiarysummary.sp_cncr) -> None.None
cohort.cohort_definition_id (cohort.cohort_definition_id) -> beneficiarysummary.sp_diabetes(beneficiarysummary.sp_diabetes) -> None.None
cohort.cohort_definition_id (cohort.cohort_definition_id) -> beneficiarysummary.sp_strketia(beneficiarysummary.sp_strketia) -> None.None
cohort.cohort_definition_id (cohort.cohort_definition_id) -> beneficiarysummary.sp_depressn(beneficiarysummary.sp_depressn) -> None.None
cohort.cohort_definition_id (cohort.cohort_definition_id) -> beneficiarysummary.sp_chrnkidn(beneficiarysummary.sp_chrnkidn) -> None.None
cohort.cohort_definition_id (cohort.cohort_definition_id) -> beneficiarysummary.sp_osteoprs(beneficiarysummary.sp_osteoprs) -> None.None
cohort.cohort_definition_id (cohort.cohort_definition_id) -> beneficiarysummary.sp_ischmcht(beneficiarysummary.sp_ischmcht) -> None.None
cohort.cohort_definition_id (cohort.cohort_definition_id) -> beneficiarysummary.sp_ra_oa(beneficiarysummary.sp_ra_oa) -> None.None
cohort.cohort_end_date (cohort.cohort_end_date) -> NA,NA
cohort.cohort_start_date (cohort.cohort_start_date) -> NA,NA
cohort.subject_id (cohort.subject_id) -> beneficiarysummary.desynpuf_id(beneficiarysummary.desynpuf_id) -> None.None
cohort_definition.cohort_definition_description (cohort_definition.cohort_definition_description) -> NA,NA
cohort_definition.cohort_definition_id (cohort_definition.cohort_definition_id) -> NA,NA
cohort_definition.cohort_definition_name (cohort_definition.cohort_definition_name) -> beneficiarysummary.sp_chf(beneficiarysummary.sp_chf) -> None.None
cohort_definition.cohort_definition_name (cohort_definition.cohort_definition_name) -> beneficiarysummary.sp_copd(beneficiarysummary.sp_copd) -> None.None
cohort_definition.cohort_definition_name (cohort_definition.cohort_definition_name) -> beneficiarysummary.bene_esrd_ind(beneficiarysummary.bene_esrd_ind) -> None.None
cohort_definition.cohort_definition_name (cohort_definition.cohort_definition_name) -> beneficiarysummary.sp_alzhdmta(beneficiarysummary.sp_alzhdmta) -> None.None
cohort_definition.cohort_definition_name (cohort_definition.cohort_definition_name) -> beneficiarysummary.sp_cncr(beneficiarysummary.sp_cncr) -> None.None
cohort_definition.cohort_definition_name (cohort_definition.cohort_definition_name) -> beneficiarysummary.sp_diabetes(beneficiarysummary.sp_diabetes) -> None.None
cohort_definition.cohort_definition_name (cohort_definition.cohort_definition_name) -> beneficiarysummary.sp_strketia(beneficiarysummary.sp_strketia) -> None.None
cohort_definition.cohort_definition_name (cohort_definition.cohort_definition_name) -> beneficiarysummary.sp_depressn(beneficiarysummary.sp_depressn) -> None.None
cohort_definition.cohort_definition_name (cohort_definition.cohort_definition_name) -> beneficiarysummary.sp_chrnkidn(beneficiarysummary.sp_chrnkidn) -> None.None
cohort_definition.cohort_definition_name (cohort_definition.cohort_definition_name) -> beneficiarysummary.sp_osteoprs(beneficiarysummary.sp_osteoprs) -> None.None
cohort_definition.cohort_definition_name (cohort_definition.cohort_definition_name) -> beneficiarysummary.sp_ischmcht(beneficiarysummary.sp_ischmcht) -> None.None
cohort_definition.cohort_definition_name (cohort_definition.cohort_definition_name) -> beneficiarysummary.sp_ra_oa(beneficiarysummary.sp_ra_oa) -> None.None
cohort_definition.cohort_definition_syntax (cohort_definition.cohort_definition_syntax) -> NA,NA
cohort_definition.cohort_initiation_date (cohort_definition.cohort_initiation_date) -> NA,NA
cohort_definition.definition_type_concept_id (cohort_definition.definition_type_concept_id) -> NA,NA
cohort_definition.subject_concept_id (cohort_definition.subject_concept_id) -> NA,NA
concept.concept_class_id (concept.concept_class_id) -> NA,NA
concept.concept_code (concept.concept_code) -> NA,NA
concept.concept_id (concept.concept_id) -> NA,NA
concept.concept_name (concept.concept_name) -> NA,NA
concept.domain_id (concept.domain_id) -> NA,NA
concept.invalid_reason (concept.invalid_reason) -> NA,NA
concept.standard_concept (concept.standard_concept) -> NA,NA
concept.valid_end_date (concept.valid_end_date) -> NA,NA
concept.valid_start_date (concept.valid_start_date) -> NA,NA
concept.vocabulary_id (concept.vocabulary_id) -> NA,NA
concept_ancestor.ancestor_concept_id (concept_ancestor.ancestor_concept_id) -> NA,NA
concept_ancestor.descendant_concept_id (concept_ancestor.descendant_concept_id) -> NA,NA
concept_ancestor.max_levels_of_separation (concept_ancestor.max_levels_of_separation) -> NA,NA
concept_ancestor.min_levels_of_separation (concept_ancestor.min_levels_of_separation) -> NA,NA
concept_class.concept_class_concept_id (concept_class.concept_class_concept_id) -> NA,NA
concept_class.concept_class_id (concept_class.concept_class_id) -> NA,NA
concept_class.concept_class_name (concept_class.concept_class_name) -> NA,NA
concept_relationship.concept_id_1 (concept_relationship.concept_id_1) -> NA,NA
concept_relationship.concept_id_2 (concept_relationship.concept_id_2) -> NA,NA
concept_relationship.invalid_reason (concept_relationship.invalid_reason) -> NA,NA
concept_relationship.relationship_id (concept_relationship.relationship_id) -> NA,NA
concept_relationship.valid_end_date (concept_relationship.valid_end_date) -> NA,NA
concept_relationship.valid_start_date (concept_relationship.valid_start_date) -> NA,NA
concept_synonym.concept_id (concept_synonym.concept_id) -> NA,NA
concept_synonym.concept_synonym_name (concept_synonym.concept_synonym_name) -> NA,NA
concept_synonym.language_concept_id (concept_synonym.language_concept_id) -> NA,NA
condition_era.condition_concept_id (condition_era.condition_concept_id) -> NA,NA
condition_era.condition_era_end_date (condition_era.condition_era_end_date) -> NA,NA
condition_era.condition_era_id (condition_era.condition_era_id) -> NA,NA
condition_era.condition_era_start_date (condition_era.condition_era_start_date) -> NA,NA
condition_era.condition_occurrence_count (condition_era.condition_occurrence_count) -> NA,NA
condition_era.person_id (condition_era.person_id) -> NA,NA
condition_occurrence.condition_concept_id (condition_occurrence.condition_concept_id) -> NA,NA
condition_occurrence.condition_end_date (condition_occurrence.condition_end_date) -> carrierclaims.clm_thru_dt(carrierclaims.clm_thru_dt) -> None.None
condition_occurrence.condition_end_date (condition_occurrence.condition_end_date) -> outpatientclaims.clm_thru_dt(outpatientclaims.clm_thru_dt) -> None.None
condition_occurrence.condition_end_date (condition_occurrence.condition_end_date) -> inpatientclaims.clm_thru_dt(inpatientclaims.clm_thru_dt) -> None.None
condition_occurrence.condition_end_datetime (condition_occurrence.condition_end_datetime) -> NA,NA
condition_occurrence.condition_occurrence_id (condition_occurrence.condition_occurrence_id) -> NA,NA
condition_occurrence.condition_source_concept_id (condition_occurrence.condition_source_concept_id) -> NA,NA
condition_occurrence.condition_source_value (condition_occurrence.condition_source_value) -> inpatientclaims.icd9_dgns_cd(inpatientclaims.icd9_dgns_cd) -> None.None
condition_occurrence.condition_source_value (condition_occurrence.condition_source_value) -> outpatientclaims.icd9_dgns_cd(outpatientclaims.icd9_dgns_cd) -> None.None
condition_occurrence.condition_source_value (condition_occurrence.condition_source_value) -> carrierclaims.icd9_dgns_cd(carrierclaims.icd9_dgns_cd) -> None.None
condition_occurrence.condition_source_value (condition_occurrence.condition_source_value) -> carrierclaims.line_icd9_dgns_cd(carrierclaims.line_icd9_dgns_cd) -> None.None
condition_occurrence.condition_source_value (condition_occurrence.condition_source_value) -> inpatientclaims.admtng_icd9_dgns_cd(inpatientclaims.admtng_icd9_dgns_cd) -> None.None
condition_occurrence.condition_start_date (condition_occurrence.condition_start_date) -> carrierclaims.clm_from_dt(carrierclaims.clm_from_dt) -> None.None
condition_occurrence.condition_start_date (condition_occurrence.condition_start_date) -> outpatientclaims.clm_from_dt(outpatientclaims.clm_from_dt) -> None.None
condition_occurrence.condition_start_date (condition_occurrence.condition_start_date) -> inpatientclaims.clm_admsn_dt(inpatientclaims.clm_admsn_dt) -> None.None
condition_occurrence.condition_start_datetime (condition_occurrence.condition_start_datetime) -> NA,NA
condition_occurrence.condition_status_concept_id (condition_occurrence.condition_status_concept_id) -> NA,NA
condition_occurrence.condition_status_source_value (condition_occurrence.condition_status_source_value) -> NA,NA
condition_occurrence.condition_type_concept_id (condition_occurrence.condition_type_concept_id) -> NA,NA
condition_occurrence.person_id (condition_occurrence.person_id) -> inpatientclaims.desynpuf_id(inpatientclaims.desynpuf_id) -> None.None
condition_occurrence.person_id (condition_occurrence.person_id) -> outpatientclaims.desynpuf_id(outpatientclaims.desynpuf_id) -> None.None
condition_occurrence.person_id (condition_occurrence.person_id) -> carrierclaims.desynpuf_id(carrierclaims.desynpuf_id) -> None.None
condition_occurrence.provider_id (condition_occurrence.provider_id) -> carrierclaims.prf_physn_npi(carrierclaims.prf_physn_npi) -> None.None
condition_occurrence.provider_id (condition_occurrence.provider_id) -> inpatientclaims.at_physn_npi(inpatientclaims.at_physn_npi) -> None.None
condition_occurrence.provider_id (condition_occurrence.provider_id) -> outpatientclaims.at_physn_npi(outpatientclaims.at_physn_npi) -> None.None
condition_occurrence.stop_reason (condition_occurrence.stop_reason) -> NA,NA
condition_occurrence.visit_detail_id (condition_occurrence.visit_detail_id) -> NA,NA
condition_occurrence.visit_occurrence_id (condition_occurrence.visit_occurrence_id) -> NA,NA
cost.amount_allowed (cost.amount_allowed) -> NA,NA
cost.cost_domain_id (cost.cost_domain_id) -> NA,NA
cost.cost_event_id (cost.cost_event_id) -> NA,NA
cost.cost_id (cost.cost_id) -> NA,NA
cost.cost_type_concept_id (cost.cost_type_concept_id) -> NA,NA
cost.currency_concept_id (cost.currency_concept_id) -> NA,NA
cost.drg_concept_id (cost.drg_concept_id) -> NA,NA
cost.drg_source_value (cost.drg_source_value) -> NA,NA
cost.paid_by_patient (cost.paid_by_patient) -> NA,NA
cost.paid_by_payer (cost.paid_by_payer) -> NA,NA
cost.paid_by_primary (cost.paid_by_primary) -> NA,NA
cost.paid_dispensing_fee (cost.paid_dispensing_fee) -> NA,NA
cost.paid_ingredient_cost (cost.paid_ingredient_cost) -> NA,NA
cost.paid_patient_coinsurance (cost.paid_patient_coinsurance) -> NA,NA
cost.paid_patient_copay (cost.paid_patient_copay) -> NA,NA
cost.paid_patient_deductible (cost.paid_patient_deductible) -> NA,NA
cost.payer_plan_period_id (cost.payer_plan_period_id) -> NA,NA
cost.revenue_code_concept_id (cost.revenue_code_concept_id) -> NA,NA
cost.revenue_code_source_value (cost.revenue_code_source_value) -> NA,NA
cost.total_charge (cost.total_charge) -> NA,NA
cost.total_cost (cost.total_cost) -> NA,NA
cost.total_paid (cost.total_paid) -> NA,NA
death.cause_concept_id (death.cause_concept_id) -> NA,NA
death.cause_source_concept_id (death.cause_source_concept_id) -> inpatientclaims.icd9_dgns_cd(inpatientclaims.icd9_dgns_cd) -> None.None
death.cause_source_concept_id (death.cause_source_concept_id) -> outpatientclaims.icd9_dgns_cd(outpatientclaims.icd9_dgns_cd) -> None.None
death.cause_source_concept_id (death.cause_source_concept_id) -> outpatientclaims.admtng_icd9_dgns_cd(outpatientclaims.admtng_icd9_dgns_cd) -> None.None
death.cause_source_concept_id (death.cause_source_concept_id) -> carrierclaims.icd9_dgns_cd(carrierclaims.icd9_dgns_cd) -> None.None
death.cause_source_concept_id (death.cause_source_concept_id) -> carrierclaims.line_icd9_dgns_cd(carrierclaims.line_icd9_dgns_cd) -> None.None
death.cause_source_value (death.cause_source_value) -> NA,NA
death.death_date (death.death_date) -> beneficiarysummary.bene_death_dt(beneficiarysummary.bene_death_dt) -> None.None
death.death_date (death.death_date) -> inpatientclaims.nch_bene_dschrg_dt(inpatientclaims.nch_bene_dschrg_dt) -> None.None
death.death_date (death.death_date) -> outpatientclaims.clm_thru_dt(outpatientclaims.clm_thru_dt) -> None.None
death.death_date (death.death_date) -> carrierclaims.clm_thru_dt(carrierclaims.clm_thru_dt) -> None.None
death.death_datetime (death.death_datetime) -> NA,NA
death.death_type_concept_id (death.death_type_concept_id) -> NA,NA
death.person_id (death.person_id) -> inpatientclaims.desynpuf_id(inpatientclaims.desynpuf_id) -> None.None
death.person_id (death.person_id) -> beneficiarysummary.desynpuf_id(beneficiarysummary.desynpuf_id) -> None.None
death.person_id (death.person_id) -> carrierclaims.desynpuf_id(carrierclaims.desynpuf_id) -> None.None
death.person_id (death.person_id) -> outpatientclaims.desynpuf_id(outpatientclaims.desynpuf_id) -> None.None
device_exposure.device_concept_id (device_exposure.device_concept_id) -> carrierclaims.hcpcs_cd(carrierclaims.hcpcs_cd) -> None.None
device_exposure.device_exposure_end_date (device_exposure.device_exposure_end_date) -> carrierclaims.clm_thru_dt(carrierclaims.clm_thru_dt) -> None.None
device_exposure.device_exposure_end_date (device_exposure.device_exposure_end_date) -> outpatientclaims.clm_thru_dt(outpatientclaims.clm_thru_dt) -> None.None
device_exposure.device_exposure_end_datetime (device_exposure.device_exposure_end_datetime) -> NA,NA
device_exposure.device_exposure_id (device_exposure.device_exposure_id) -> NA,NA
device_exposure.device_exposure_start_date (device_exposure.device_exposure_start_date) -> carrierclaims.clm_from_dt(carrierclaims.clm_from_dt) -> None.None
device_exposure.device_exposure_start_date (device_exposure.device_exposure_start_date) -> inpatientclaims.clm_from_dt(inpatientclaims.clm_from_dt) -> None.None
device_exposure.device_exposure_start_date (device_exposure.device_exposure_start_date) -> outpatientclaims.clm_from_dt(outpatientclaims.clm_from_dt) -> None.None
device_exposure.device_exposure_start_datetime (device_exposure.device_exposure_start_datetime) -> NA,NA
device_exposure.device_source_concept_id (device_exposure.device_source_concept_id) -> NA,NA
device_exposure.device_source_value (device_exposure.device_source_value) -> inpatientclaims.icd9_dgns_cd(inpatientclaims.icd9_dgns_cd) -> None.None
device_exposure.device_source_value (device_exposure.device_source_value) -> inpatientclaims.icd9_prcdr_cd(inpatientclaims.icd9_prcdr_cd) -> None.None
device_exposure.device_source_value (device_exposure.device_source_value) -> outpatientclaims.hcpcs_cd(outpatientclaims.hcpcs_cd) -> None.None
device_exposure.device_source_value (device_exposure.device_source_value) -> carrierclaims.hcpcs_cd(carrierclaims.hcpcs_cd) -> None.None
device_exposure.device_source_value (device_exposure.device_source_value) -> inpatientclaims.admtng_icd9_dgns_cd(inpatientclaims.admtng_icd9_dgns_cd) -> None.None
device_exposure.device_type_concept_id (device_exposure.device_type_concept_id) -> NA,NA
device_exposure.person_id (device_exposure.person_id) -> inpatientclaims.desynpuf_id(inpatientclaims.desynpuf_id) -> None.None
device_exposure.person_id (device_exposure.person_id) -> outpatientclaims.desynpuf_id(outpatientclaims.desynpuf_id) -> None.None
device_exposure.person_id (device_exposure.person_id) -> carrierclaims.desynpuf_id(carrierclaims.desynpuf_id) -> None.None
device_exposure.production_id (device_exposure.production_id) -> NA,NA
device_exposure.provider_id (device_exposure.provider_id) -> carrierclaims.prf_physn_npi(carrierclaims.prf_physn_npi) -> None.None
device_exposure.provider_id (device_exposure.provider_id) -> inpatientclaims.at_physn_npi(inpatientclaims.at_physn_npi) -> None.None
device_exposure.provider_id (device_exposure.provider_id) -> outpatientclaims.at_physn_npi(outpatientclaims.at_physn_npi) -> None.None
device_exposure.quantity (device_exposure.quantity) -> NA,NA
device_exposure.unique_device_id (device_exposure.unique_device_id) -> NA,NA
device_exposure.unit_concept_id (device_exposure.unit_concept_id) -> NA,NA
device_exposure.unit_source_concept_id (device_exposure.unit_source_concept_id) -> NA,NA
device_exposure.unit_source_value (device_exposure.unit_source_value) -> NA,NA
device_exposure.visit_detail_id (device_exposure.visit_detail_id) -> NA,NA
device_exposure.visit_occurrence_id (device_exposure.visit_occurrence_id) -> NA,NA
domain.domain_concept_id (domain.domain_concept_id) -> NA,NA
domain.domain_id (domain.domain_id) -> NA,NA
domain.domain_name (domain.domain_name) -> NA,NA
dose_era.dose_era_end_date (dose_era.dose_era_end_date) -> NA,NA
dose_era.dose_era_id (dose_era.dose_era_id) -> NA,NA
dose_era.dose_era_start_date (dose_era.dose_era_start_date) -> NA,NA
dose_era.dose_value (dose_era.dose_value) -> NA,NA
dose_era.drug_concept_id (dose_era.drug_concept_id) -> NA,NA
dose_era.person_id (dose_era.person_id) -> NA,NA
dose_era.unit_concept_id (dose_era.unit_concept_id) -> NA,NA
drug_era.drug_concept_id (drug_era.drug_concept_id) -> NA,NA
drug_era.drug_era_end_date (drug_era.drug_era_end_date) -> NA,NA
drug_era.drug_era_id (drug_era.drug_era_id) -> NA,NA
drug_era.drug_era_start_date (drug_era.drug_era_start_date) -> NA,NA
drug_era.drug_exposure_count (drug_era.drug_exposure_count) -> NA,NA
drug_era.gap_days (drug_era.gap_days) -> NA,NA
drug_era.person_id (drug_era.person_id) -> NA,NA
drug_exposure.days_supply (drug_exposure.days_supply) -> prescriptiondrugevents.days_suply_num(prescriptiondrugevents.days_suply_num) -> None.None
drug_exposure.dose_unit_source_value (drug_exposure.dose_unit_source_value) -> NA,NA
drug_exposure.drug_concept_id (drug_exposure.drug_concept_id) -> NA,NA
drug_exposure.drug_exposure_end_date (drug_exposure.drug_exposure_end_date) -> carrierclaims.clm_thru_dt(carrierclaims.clm_thru_dt) -> None.None
drug_exposure.drug_exposure_end_date (drug_exposure.drug_exposure_end_date) -> outpatientclaims.clm_thru_dt(outpatientclaims.clm_thru_dt) -> None.None
drug_exposure.drug_exposure_end_date (drug_exposure.drug_exposure_end_date) -> inpatientclaims.clm_thru_dt(inpatientclaims.clm_thru_dt) -> None.None
drug_exposure.drug_exposure_end_datetime (drug_exposure.drug_exposure_end_datetime) -> NA,NA
drug_exposure.drug_exposure_id (drug_exposure.drug_exposure_id) -> NA,NA
drug_exposure.drug_exposure_start_date (drug_exposure.drug_exposure_start_date) -> carrierclaims.clm_from_dt(carrierclaims.clm_from_dt) -> None.None
drug_exposure.drug_exposure_start_date (drug_exposure.drug_exposure_start_date) -> inpatientclaims.clm_from_dt(inpatientclaims.clm_from_dt) -> None.None
drug_exposure.drug_exposure_start_date (drug_exposure.drug_exposure_start_date) -> outpatientclaims.clm_from_dt(outpatientclaims.clm_from_dt) -> None.None
drug_exposure.drug_exposure_start_date (drug_exposure.drug_exposure_start_date) -> prescriptiondrugevents.srvc_dt(prescriptiondrugevents.srvc_dt) -> None.None
drug_exposure.drug_exposure_start_datetime (drug_exposure.drug_exposure_start_datetime) -> NA,NA
drug_exposure.drug_source_concept_id (drug_exposure.drug_source_concept_id) -> NA,NA
drug_exposure.drug_source_value (drug_exposure.drug_source_value) -> inpatientclaims.icd9_dgns_cd(inpatientclaims.icd9_dgns_cd) -> None.None
drug_exposure.drug_source_value (drug_exposure.drug_source_value) -> inpatientclaims.icd9_prcdr_cd(inpatientclaims.icd9_prcdr_cd) -> None.None
drug_exposure.drug_source_value (drug_exposure.drug_source_value) -> outpatientclaims.hcpcs_cd(outpatientclaims.hcpcs_cd) -> None.None
drug_exposure.drug_source_value (drug_exposure.drug_source_value) -> carrierclaims.hcpcs_cd(carrierclaims.hcpcs_cd) -> None.None
drug_exposure.drug_source_value (drug_exposure.drug_source_value) -> prescriptiondrugevents.prod_srvc_id(prescriptiondrugevents.prod_srvc_id) -> None.None
drug_exposure.drug_source_value (drug_exposure.drug_source_value) -> inpatientclaims.admtng_icd9_dgns_cd(inpatientclaims.admtng_icd9_dgns_cd) -> None.None
drug_exposure.drug_type_concept_id (drug_exposure.drug_type_concept_id) -> NA,NA
drug_exposure.lot_number (drug_exposure.lot_number) -> NA,NA
drug_exposure.person_id (drug_exposure.person_id) -> inpatientclaims.desynpuf_id(inpatientclaims.desynpuf_id) -> None.None
drug_exposure.person_id (drug_exposure.person_id) -> outpatientclaims.desynpuf_id(outpatientclaims.desynpuf_id) -> None.None
drug_exposure.person_id (drug_exposure.person_id) -> prescriptiondrugevents.desynpuf_id(prescriptiondrugevents.desynpuf_id) -> None.None
drug_exposure.person_id (drug_exposure.person_id) -> carrierclaims.desynpuf_id(carrierclaims.desynpuf_id) -> None.None
drug_exposure.provider_id (drug_exposure.provider_id) -> carrierclaims.prf_physn_npi(carrierclaims.prf_physn_npi) -> None.None
drug_exposure.provider_id (drug_exposure.provider_id) -> inpatientclaims.at_physn_npi(inpatientclaims.at_physn_npi) -> None.None
drug_exposure.provider_id (drug_exposure.provider_id) -> outpatientclaims.at_physn_npi(outpatientclaims.at_physn_npi) -> None.None
drug_exposure.quantity (drug_exposure.quantity) -> prescriptiondrugevents.qty_dspnsd_num(prescriptiondrugevents.qty_dspnsd_num) -> None.None
drug_exposure.refills (drug_exposure.refills) -> NA,NA
drug_exposure.route_concept_id (drug_exposure.route_concept_id) -> NA,NA
drug_exposure.route_source_value (drug_exposure.route_source_value) -> NA,NA
drug_exposure.sig (drug_exposure.sig) -> NA,NA
drug_exposure.stop_reason (drug_exposure.stop_reason) -> NA,NA
drug_exposure.verbatim_end_date (drug_exposure.verbatim_end_date) -> NA,NA
drug_exposure.visit_detail_id (drug_exposure.visit_detail_id) -> NA,NA
drug_exposure.visit_occurrence_id (drug_exposure.visit_occurrence_id) -> NA,NA
drug_strength.amount_unit_concept_id (drug_strength.amount_unit_concept_id) -> NA,NA
drug_strength.amount_value (drug_strength.amount_value) -> NA,NA
drug_strength.box_size (drug_strength.box_size) -> NA,NA
drug_strength.denominator_unit_concept_id (drug_strength.denominator_unit_concept_id) -> NA,NA
drug_strength.denominator_value (drug_strength.denominator_value) -> NA,NA
drug_strength.drug_concept_id (drug_strength.drug_concept_id) -> NA,NA
drug_strength.ingredient_concept_id (drug_strength.ingredient_concept_id) -> NA,NA
drug_strength.invalid_reason (drug_strength.invalid_reason) -> NA,NA
drug_strength.numerator_unit_concept_id (drug_strength.numerator_unit_concept_id) -> NA,NA
drug_strength.numerator_value (drug_strength.numerator_value) -> NA,NA
drug_strength.valid_end_date (drug_strength.valid_end_date) -> NA,NA
drug_strength.valid_start_date (drug_strength.valid_start_date) -> NA,NA
episode.episode_concept_id (episode.episode_concept_id) -> NA,NA
episode.episode_end_date (episode.episode_end_date) -> NA,NA
episode.episode_end_datetime (episode.episode_end_datetime) -> NA,NA
episode.episode_id (episode.episode_id) -> NA,NA
episode.episode_number (episode.episode_number) -> NA,NA
episode.episode_object_concept_id (episode.episode_object_concept_id) -> NA,NA
episode.episode_parent_id (episode.episode_parent_id) -> NA,NA
episode.episode_source_concept_id (episode.episode_source_concept_id) -> NA,NA
episode.episode_source_value (episode.episode_source_value) -> NA,NA
episode.episode_start_date (episode.episode_start_date) -> NA,NA
episode.episode_start_datetime (episode.episode_start_datetime) -> NA,NA
episode.episode_type_concept_id (episode.episode_type_concept_id) -> NA,NA
episode.person_id (episode.person_id) -> NA,NA
episode_event.episode_event_field_concept_id (episode_event.episode_event_field_concept_id) -> NA,NA
episode_event.episode_id (episode_event.episode_id) -> NA,NA
episode_event.event_id (episode_event.event_id) -> NA,NA
fact_relationship.domain_concept_id_1 (fact_relationship.domain_concept_id_1) -> NA,NA
fact_relationship.domain_concept_id_2 (fact_relationship.domain_concept_id_2) -> NA,NA
fact_relationship.fact_id_1 (fact_relationship.fact_id_1) -> NA,NA
fact_relationship.fact_id_2 (fact_relationship.fact_id_2) -> carrierclaims.hcpcs_cd(carrierclaims.hcpcs_cd) -> None.None
fact_relationship.relationship_concept_id (fact_relationship.relationship_concept_id) -> NA,NA
location.address_1 (location.address_1) -> NA,NA
location.address_2 (location.address_2) -> NA,NA
location.city (location.city) -> NA,NA
location.country_concept_id (location.country_concept_id) -> NA,NA
location.country_source_value (location.country_source_value) -> NA,NA
location.county (location.county) -> beneficiarysummary.bene_county_cd(beneficiarysummary.bene_county_cd) -> None.None
location.latitude (location.latitude) -> NA,NA
location.location_id (location.location_id) -> NA,NA
location.location_source_value (location.location_source_value) -> beneficiarysummary.sp_state_code(beneficiarysummary.sp_state_code) -> None.None
location.location_source_value (location.location_source_value) -> beneficiarysummary.bene_county_cd(beneficiarysummary.bene_county_cd) -> None.None
location.longitude (location.longitude) -> NA,NA
location.state (location.state) -> beneficiarysummary.sp_state_code(beneficiarysummary.sp_state_code) -> None.None
location.zip (location.zip) -> NA,NA
measurement.meas_event_field_concept_id (measurement.meas_event_field_concept_id) -> NA,NA
measurement.measurement_concept_id (measurement.measurement_concept_id) -> NA,NA
measurement.measurement_date (measurement.measurement_date) -> carrierclaims.clm_from_dt(carrierclaims.clm_from_dt) -> None.None
measurement.measurement_date (measurement.measurement_date) -> inpatientclaims.clm_from_dt(inpatientclaims.clm_from_dt) -> None.None
measurement.measurement_date (measurement.measurement_date) -> outpatientclaims.clm_from_dt(outpatientclaims.clm_from_dt) -> None.None
measurement.measurement_datetime (measurement.measurement_datetime) -> NA,NA
measurement.measurement_event_id (measurement.measurement_event_id) -> NA,NA
measurement.measurement_id (measurement.measurement_id) -> NA,NA
measurement.measurement_source_concept_id (measurement.measurement_source_concept_id) -> NA,NA
measurement.measurement_source_value (measurement.measurement_source_value) -> inpatientclaims.icd9_dgns_cd(inpatientclaims.icd9_dgns_cd) -> None.None
measurement.measurement_source_value (measurement.measurement_source_value) -> outpatientclaims.icd9_dgns_cd(outpatientclaims.icd9_dgns_cd) -> None.None
measurement.measurement_source_value (measurement.measurement_source_value) -> inpatientclaims.icd9_prcdr_cd(inpatientclaims.icd9_prcdr_cd) -> None.None
measurement.measurement_source_value (measurement.measurement_source_value) -> carrierclaims.icd9_dgns_cd(carrierclaims.icd9_dgns_cd) -> None.None
measurement.measurement_source_value (measurement.measurement_source_value) -> outpatientclaims.hcpcs_cd(outpatientclaims.hcpcs_cd) -> None.None
measurement.measurement_source_value (measurement.measurement_source_value) -> carrierclaims.hcpcs_cd(carrierclaims.hcpcs_cd) -> None.None
measurement.measurement_source_value (measurement.measurement_source_value) -> carrierclaims.line_icd9_dgns_cd(carrierclaims.line_icd9_dgns_cd) -> None.None
measurement.measurement_source_value (measurement.measurement_source_value) -> inpatientclaims.admtng_icd9_dgns_cd(inpatientclaims.admtng_icd9_dgns_cd) -> None.None
measurement.measurement_time (measurement.measurement_time) -> NA,NA
measurement.measurement_type_concept_id (measurement.measurement_type_concept_id) -> NA,NA
measurement.operator_concept_id (measurement.operator_concept_id) -> NA,NA
measurement.person_id (measurement.person_id) -> inpatientclaims.desynpuf_id(inpatientclaims.desynpuf_id) -> None.None
measurement.person_id (measurement.person_id) -> outpatientclaims.desynpuf_id(outpatientclaims.desynpuf_id) -> None.None
measurement.provider_id (measurement.provider_id) -> carrierclaims.prf_physn_npi(carrierclaims.prf_physn_npi) -> None.None
measurement.provider_id (measurement.provider_id) -> inpatientclaims.at_physn_npi(inpatientclaims.at_physn_npi) -> None.None
measurement.provider_id (measurement.provider_id) -> outpatientclaims.at_physn_npi(outpatientclaims.at_physn_npi) -> None.None
measurement.range_high (measurement.range_high) -> NA,NA
measurement.range_low (measurement.range_low) -> NA,NA
measurement.unit_concept_id (measurement.unit_concept_id) -> NA,NA
measurement.unit_source_concept_id (measurement.unit_source_concept_id) -> NA,NA
measurement.unit_source_value (measurement.unit_source_value) -> NA,NA
measurement.value_as_concept_id (measurement.value_as_concept_id) -> NA,NA
measurement.value_as_number (measurement.value_as_number) -> NA,NA
measurement.value_source_value (measurement.value_source_value) -> NA,NA
measurement.visit_detail_id (measurement.visit_detail_id) -> NA,NA
measurement.visit_occurrence_id (measurement.visit_occurrence_id) -> NA,NA
metadata.metadata_concept_id (metadata.metadata_concept_id) -> NA,NA
metadata.metadata_date (metadata.metadata_date) -> NA,NA
metadata.metadata_datetime (metadata.metadata_datetime) -> NA,NA
metadata.metadata_id (metadata.metadata_id) -> NA,NA
metadata.metadata_type_concept_id (metadata.metadata_type_concept_id) -> NA,NA
metadata.name (metadata.name) -> NA,NA
metadata.value_as_concept_id (metadata.value_as_concept_id) -> NA,NA
metadata.value_as_number (metadata.value_as_number) -> NA,NA
metadata.value_as_string (metadata.value_as_string) -> NA,NA
note.encoding_concept_id (note.encoding_concept_id) -> NA,NA
note.language_concept_id (note.language_concept_id) -> NA,NA
note.note_class_concept_id (note.note_class_concept_id) -> NA,NA
note.note_date (note.note_date) -> NA,NA
note.note_datetime (note.note_datetime) -> NA,NA
note.note_event_field_concept_id (note.note_event_field_concept_id) -> NA,NA
note.note_event_id (note.note_event_id) -> NA,NA
note.note_id (note.note_id) -> NA,NA
note.note_source_value (note.note_source_value) -> NA,NA
note.note_text (note.note_text) -> NA,NA
note.note_title (note.note_title) -> NA,NA
note.note_type_concept_id (note.note_type_concept_id) -> NA,NA
note.person_id (note.person_id) -> NA,NA
note.provider_id (note.provider_id) -> NA,NA
note.visit_detail_id (note.visit_detail_id) -> NA,NA
note.visit_occurrence_id (note.visit_occurrence_id) -> NA,NA
note_nlp.lexical_variant (note_nlp.lexical_variant) -> NA,NA
note_nlp.nlp_date (note_nlp.nlp_date) -> NA,NA
note_nlp.nlp_datetime (note_nlp.nlp_datetime) -> NA,NA
note_nlp.nlp_system (note_nlp.nlp_system) -> NA,NA
note_nlp.note_id (note_nlp.note_id) -> NA,NA
note_nlp.note_nlp_concept_id (note_nlp.note_nlp_concept_id) -> NA,NA
note_nlp.note_nlp_id (note_nlp.note_nlp_id) -> NA,NA
note_nlp.note_nlp_source_concept_id (note_nlp.note_nlp_source_concept_id) -> NA,NA
note_nlp.offset (note_nlp.offset) -> NA,NA
note_nlp.section_concept_id (note_nlp.section_concept_id) -> NA,NA
note_nlp.snippet (note_nlp.snippet) -> NA,NA
note_nlp.term_exists (note_nlp.term_exists) -> NA,NA
note_nlp.term_modifiers (note_nlp.term_modifiers) -> NA,NA
note_nlp.term_temporal (note_nlp.term_temporal) -> NA,NA
observation.obs_event_field_concept_id (observation.obs_event_field_concept_id) -> NA,NA
observation.observation_concept_id (observation.observation_concept_id) -> NA,NA
observation.observation_date (observation.observation_date) -> carrierclaims.clm_from_dt(carrierclaims.clm_from_dt) -> None.None
observation.observation_date (observation.observation_date) -> inpatientclaims.clm_from_dt(inpatientclaims.clm_from_dt) -> None.None
observation.observation_date (observation.observation_date) -> outpatientclaims.clm_from_dt(outpatientclaims.clm_from_dt) -> None.None
observation.observation_datetime (observation.observation_datetime) -> NA,NA
observation.observation_event_id (observation.observation_event_id) -> NA,NA
observation.observation_id (observation.observation_id) -> NA,NA
observation.observation_source_concept_id (observation.observation_source_concept_id) -> NA,NA
observation.observation_source_value (observation.observation_source_value) -> inpatientclaims.icd9_dgns_cd(inpatientclaims.icd9_dgns_cd) -> None.None
observation.observation_source_value (observation.observation_source_value) -> outpatientclaims.icd9_dgns_cd(outpatientclaims.icd9_dgns_cd) -> None.None
observation.observation_source_value (observation.observation_source_value) -> inpatientclaims.icd9_prcdr_cd(inpatientclaims.icd9_prcdr_cd) -> None.None
observation.observation_source_value (observation.observation_source_value) -> carrierclaims.icd9_dgns_cd(carrierclaims.icd9_dgns_cd) -> None.None
observation.observation_source_value (observation.observation_source_value) -> outpatientclaims.hcpcs_cd(outpatientclaims.hcpcs_cd) -> None.None
observation.observation_source_value (observation.observation_source_value) -> carrierclaims.hcpcs_cd(carrierclaims.hcpcs_cd) -> None.None
observation.observation_source_value (observation.observation_source_value) -> carrierclaims.line_icd9_dgns_cd(carrierclaims.line_icd9_dgns_cd) -> None.None
observation.observation_source_value (observation.observation_source_value) -> inpatientclaims.clm_drg_cd(inpatientclaims.clm_drg_cd) -> None.None
observation.observation_source_value (observation.observation_source_value) -> inpatientclaims.admtng_icd9_dgns_cd(inpatientclaims.admtng_icd9_dgns_cd) -> None.None
observation.observation_type_concept_id (observation.observation_type_concept_id) -> NA,NA
observation.person_id (observation.person_id) -> inpatientclaims.desynpuf_id(inpatientclaims.desynpuf_id) -> None.None
observation.person_id (observation.person_id) -> outpatientclaims.desynpuf_id(outpatientclaims.desynpuf_id) -> None.None
observation.person_id (observation.person_id) -> carrierclaims.desynpuf_id(carrierclaims.desynpuf_id) -> None.None
observation.provider_id (observation.provider_id) -> carrierclaims.prf_physn_npi(carrierclaims.prf_physn_npi) -> None.None
observation.provider_id (observation.provider_id) -> inpatientclaims.at_physn_npi(inpatientclaims.at_physn_npi) -> None.None
observation.provider_id (observation.provider_id) -> outpatientclaims.at_physn_npi(outpatientclaims.at_physn_npi) -> None.None
observation.qualifier_concept_id (observation.qualifier_concept_id) -> NA,NA
observation.qualifier_source_value (observation.qualifier_source_value) -> NA,NA
observation.unit_concept_id (observation.unit_concept_id) -> NA,NA
observation.unit_source_value (observation.unit_source_value) -> NA,NA
observation.value_as_concept_id (observation.value_as_concept_id) -> NA,NA
observation.value_as_number (observation.value_as_number) -> NA,NA
observation.value_as_string (observation.value_as_string) -> NA,NA
observation.value_source_value (observation.value_source_value) -> NA,NA
observation.visit_detail_id (observation.visit_detail_id) -> NA,NA
observation.visit_occurrence_id (observation.visit_occurrence_id) -> NA,NA
observation_period.observation_period_end_date (observation_period.observation_period_end_date) -> NA,NA
observation_period.observation_period_id (observation_period.observation_period_id) -> NA,NA
observation_period.observation_period_start_date (observation_period.observation_period_start_date) -> NA,NA
observation_period.period_type_concept_id (observation_period.period_type_concept_id) -> NA,NA
observation_period.person_id (observation_period.person_id) -> NA,NA
payer_plan_period.family_source_value (payer_plan_period.family_source_value) -> NA,NA
payer_plan_period.payer_concept_id (payer_plan_period.payer_concept_id) -> NA,NA
payer_plan_period.payer_plan_period_end_date (payer_plan_period.payer_plan_period_end_date) -> NA,NA
payer_plan_period.payer_plan_period_id (payer_plan_period.payer_plan_period_id) -> NA,NA
payer_plan_period.payer_plan_period_start_date (payer_plan_period.payer_plan_period_start_date) -> NA,NA
payer_plan_period.payer_source_concept_id (payer_plan_period.payer_source_concept_id) -> NA,NA
payer_plan_period.payer_source_value (payer_plan_period.payer_source_value) -> NA,NA
payer_plan_period.person_id (payer_plan_period.person_id) -> beneficiarysummary.desynpuf_id(beneficiarysummary.desynpuf_id) -> None.None
payer_plan_period.plan_concept_id (payer_plan_period.plan_concept_id) -> NA,NA
payer_plan_period.plan_source_concept_id (payer_plan_period.plan_source_concept_id) -> NA,NA
payer_plan_period.plan_source_value (payer_plan_period.plan_source_value) -> beneficiarysummary.bene_hi_cvrage_tot_mons(beneficiarysummary.bene_hi_cvrage_tot_mons) -> None.None
payer_plan_period.plan_source_value (payer_plan_period.plan_source_value) -> beneficiarysummary.bene_smi_cvrage_tot_mons(beneficiarysummary.bene_smi_cvrage_tot_mons) -> None.None
payer_plan_period.plan_source_value (payer_plan_period.plan_source_value) -> beneficiarysummary.plan_cvrg_mos_num(beneficiarysummary.plan_cvrg_mos_num) -> None.None
payer_plan_period.plan_source_value (payer_plan_period.plan_source_value) -> beneficiarysummary.bene_hmo_cvrage_tot_mons(beneficiarysummary.bene_hmo_cvrage_tot_mons) -> None.None
payer_plan_period.sponsor_concept_id (payer_plan_period.sponsor_concept_id) -> NA,NA
payer_plan_period.sponsor_source_concept_id (payer_plan_period.sponsor_source_concept_id) -> NA,NA
payer_plan_period.sponsor_source_value (payer_plan_period.sponsor_source_value) -> NA,NA
payer_plan_period.stop_reason_concept_id (payer_plan_period.stop_reason_concept_id) -> NA,NA
payer_plan_period.stop_reason_source_concept_id (payer_plan_period.stop_reason_source_concept_id) -> NA,NA
payer_plan_period.stop_reason_source_value (payer_plan_period.stop_reason_source_value) -> NA,NA
person.birth_datetime (person.birth_datetime) -> NA,NA
person.care_site_id (person.care_site_id) -> NA,NA
person.day_of_birth (person.day_of_birth) -> beneficiarysummary.bene_birth_dt(beneficiarysummary.bene_birth_dt) -> None.None
person.ethnicity_concept_id (person.ethnicity_concept_id) -> beneficiarysummary.bene_race_cd(beneficiarysummary.bene_race_cd) -> None.None
person.ethnicity_source_concept_id (person.ethnicity_source_concept_id) -> NA,NA
person.ethnicity_source_value (person.ethnicity_source_value) -> beneficiarysummary.bene_race_cd(beneficiarysummary.bene_race_cd) -> None.None
person.gender_concept_id (person.gender_concept_id) -> beneficiarysummary.bene_sex_ident_cd(beneficiarysummary.bene_sex_ident_cd) -> None.None
person.gender_source_concept_id (person.gender_source_concept_id) -> beneficiarysummary.bene_sex_ident_cd(beneficiarysummary.bene_sex_ident_cd) -> None.None
person.gender_source_value (person.gender_source_value) -> beneficiarysummary.bene_sex_ident_cd(beneficiarysummary.bene_sex_ident_cd) -> None.None
person.location_id (person.location_id) -> beneficiarysummary.sp_state_code(beneficiarysummary.sp_state_code) -> None.None
person.location_id (person.location_id) -> beneficiarysummary.bene_county_cd(beneficiarysummary.bene_county_cd) -> None.None
person.month_of_birth (person.month_of_birth) -> beneficiarysummary.bene_birth_dt(beneficiarysummary.bene_birth_dt) -> None.None
person.person_id (person.person_id) -> beneficiarysummary.desynpuf_id(beneficiarysummary.desynpuf_id) -> None.None
person.person_source_value (person.person_source_value) -> beneficiarysummary.desynpuf_id(beneficiarysummary.desynpuf_id) -> None.None
person.provider_id (person.provider_id) -> NA,NA
person.race_concept_id (person.race_concept_id) -> beneficiarysummary.bene_race_cd(beneficiarysummary.bene_race_cd) -> None.None
person.race_source_concept_id (person.race_source_concept_id) -> NA,NA
person.race_source_value (person.race_source_value) -> beneficiarysummary.bene_race_cd(beneficiarysummary.bene_race_cd) -> None.None
person.year_of_birth (person.year_of_birth) -> beneficiarysummary.bene_birth_dt(beneficiarysummary.bene_birth_dt) -> None.None
procedure_occurrence.modifier_concept_id (procedure_occurrence.modifier_concept_id) -> NA,NA
procedure_occurrence.modifier_source_value (procedure_occurrence.modifier_source_value) -> NA,NA
procedure_occurrence.person_id (procedure_occurrence.person_id) -> inpatientclaims.desynpuf_id(inpatientclaims.desynpuf_id) -> None.None
procedure_occurrence.person_id (procedure_occurrence.person_id) -> outpatientclaims.desynpuf_id(outpatientclaims.desynpuf_id) -> None.None
procedure_occurrence.person_id (procedure_occurrence.person_id) -> carrierclaims.desynpuf_id(carrierclaims.desynpuf_id) -> None.None
procedure_occurrence.procedure_concept_id (procedure_occurrence.procedure_concept_id) -> NA,NA
procedure_occurrence.procedure_date (procedure_occurrence.procedure_date) -> carrierclaims.clm_from_dt(carrierclaims.clm_from_dt) -> None.None
procedure_occurrence.procedure_date (procedure_occurrence.procedure_date) -> inpatientclaims.clm_from_dt(inpatientclaims.clm_from_dt) -> None.None
procedure_occurrence.procedure_date (procedure_occurrence.procedure_date) -> outpatientclaims.clm_from_dt(outpatientclaims.clm_from_dt) -> None.None
procedure_occurrence.procedure_datetime (procedure_occurrence.procedure_datetime) -> NA,NA
procedure_occurrence.procedure_end_date (procedure_occurrence.procedure_end_date) -> NA,NA
procedure_occurrence.procedure_end_datetime (procedure_occurrence.procedure_end_datetime) -> NA,NA
procedure_occurrence.procedure_occurrence_id (procedure_occurrence.procedure_occurrence_id) -> NA,NA
procedure_occurrence.procedure_source_concept_id (procedure_occurrence.procedure_source_concept_id) -> NA,NA
procedure_occurrence.procedure_source_value (procedure_occurrence.procedure_source_value) -> inpatientclaims.icd9_prcdr_cd(inpatientclaims.icd9_prcdr_cd) -> None.None
procedure_occurrence.procedure_source_value (procedure_occurrence.procedure_source_value) -> outpatientclaims.hcpcs_cd(outpatientclaims.hcpcs_cd) -> None.None
procedure_occurrence.procedure_source_value (procedure_occurrence.procedure_source_value) -> carrierclaims.hcpcs_cd(carrierclaims.hcpcs_cd) -> None.None
procedure_occurrence.procedure_type_concept_id (procedure_occurrence.procedure_type_concept_id) -> NA,NA
procedure_occurrence.provider_id (procedure_occurrence.provider_id) -> carrierclaims.prf_physn_npi(carrierclaims.prf_physn_npi) -> None.None
procedure_occurrence.provider_id (procedure_occurrence.provider_id) -> inpatientclaims.at_physn_npi(inpatientclaims.at_physn_npi) -> None.None
procedure_occurrence.provider_id (procedure_occurrence.provider_id) -> outpatientclaims.at_physn_npi(outpatientclaims.at_physn_npi) -> None.None
procedure_occurrence.quantity (procedure_occurrence.quantity) -> NA,NA
procedure_occurrence.visit_detail_id (procedure_occurrence.visit_detail_id) -> NA,NA
procedure_occurrence.visit_occurrence_id (procedure_occurrence.visit_occurrence_id) -> NA,NA
provider.care_site_id (provider.care_site_id) -> inpatientclaims.prvdr_num(inpatientclaims.prvdr_num) -> None.None
provider.care_site_id (provider.care_site_id) -> outpatientclaims.prvdr_num(outpatientclaims.prvdr_num) -> None.None
provider.care_site_id (provider.care_site_id) -> carrierclaims.tax_num(carrierclaims.tax_num) -> None.None
provider.dea (provider.dea) -> NA,NA
provider.gender_concept_id (provider.gender_concept_id) -> NA,NA
provider.gender_source_concept_id (provider.gender_source_concept_id) -> NA,NA
provider.gender_source_value (provider.gender_source_value) -> NA,NA
provider.npi (provider.npi) -> inpatientclaims.op_physn_npi(inpatientclaims.op_physn_npi) -> None.None
provider.npi (provider.npi) -> outpatientclaims.at_physn_npi(outpatientclaims.at_physn_npi) -> None.None
provider.npi (provider.npi) -> outpatientclaims.op_physn_npi(outpatientclaims.op_physn_npi) -> None.None
provider.npi (provider.npi) -> carrierclaims.prf_physn_npi(carrierclaims.prf_physn_npi) -> None.None
provider.npi (provider.npi) -> inpatientclaims.at_physn_npi(inpatientclaims.at_physn_npi) -> None.None
provider.npi (provider.npi) -> inpatientclaims.ot_physn_npi(inpatientclaims.ot_physn_npi) -> None.None
provider.npi (provider.npi) -> outpatientclaims.ot_physn_npi(outpatientclaims.ot_physn_npi) -> None.None
provider.provider_id (provider.provider_id) -> NA,NA
provider.provider_name (provider.provider_name) -> NA,NA
provider.provider_source_value (provider.provider_source_value) -> carrierclaims.tax_num(carrierclaims.tax_num) -> None.None
provider.specialty_concept_id (provider.specialty_concept_id) -> NA,NA
provider.specialty_source_concept_id (provider.specialty_source_concept_id) -> NA,NA
provider.specialty_source_value (provider.specialty_source_value) -> NA,NA
provider.year_of_birth (provider.year_of_birth) -> NA,NA
relationship.defines_ancestry (relationship.defines_ancestry) -> NA,NA
relationship.is_hierarchical (relationship.is_hierarchical) -> NA,NA
relationship.relationship_concept_id (relationship.relationship_concept_id) -> NA,NA
relationship.relationship_id (relationship.relationship_id) -> NA,NA
relationship.relationship_name (relationship.relationship_name) -> NA,NA
relationship.reverse_relationship_id (relationship.reverse_relationship_id) -> NA,NA
source_to_concept_map.invalid_reason (source_to_concept_map.invalid_reason) -> NA,NA
source_to_concept_map.source_code (source_to_concept_map.source_code) -> NA,NA
source_to_concept_map.source_code_description (source_to_concept_map.source_code_description) -> NA,NA
source_to_concept_map.source_concept_id (source_to_concept_map.source_concept_id) -> NA,NA
source_to_concept_map.source_vocabulary_id (source_to_concept_map.source_vocabulary_id) -> NA,NA
source_to_concept_map.target_concept_id (source_to_concept_map.target_concept_id) -> NA,NA
source_to_concept_map.target_vocabulary_id (source_to_concept_map.target_vocabulary_id) -> NA,NA
source_to_concept_map.valid_end_date (source_to_concept_map.valid_end_date) -> NA,NA
source_to_concept_map.valid_start_date (source_to_concept_map.valid_start_date) -> NA,NA
specimen.anatomic_site_concept_id (specimen.anatomic_site_concept_id) -> NA,NA
specimen.anatomic_site_source_value (specimen.anatomic_site_source_value) -> NA,NA
specimen.disease_status_concept_id (specimen.disease_status_concept_id) -> NA,NA
specimen.disease_status_source_value (specimen.disease_status_source_value) -> NA,NA
specimen.person_id (specimen.person_id) -> NA,NA
specimen.quantity (specimen.quantity) -> NA,NA
specimen.specimen_concept_id (specimen.specimen_concept_id) -> NA,NA
specimen.specimen_date (specimen.specimen_date) -> NA,NA
specimen.specimen_datetime (specimen.specimen_datetime) -> NA,NA
specimen.specimen_id (specimen.specimen_id) -> NA,NA
specimen.specimen_source_id (specimen.specimen_source_id) -> NA,NA
specimen.specimen_source_value (specimen.specimen_source_value) -> NA,NA
specimen.specimen_type_concept_id (specimen.specimen_type_concept_id) -> NA,NA
specimen.unit_concept_id (specimen.unit_concept_id) -> NA,NA
specimen.unit_source_value (specimen.unit_source_value) -> NA,NA
visit_detail.admitted_from_concept_id (visit_detail.admitted_from_concept_id) -> NA,NA
visit_detail.admitted_from_source_value (visit_detail.admitted_from_source_value) -> NA,NA
visit_detail.care_site_id (visit_detail.care_site_id) -> NA,NA
visit_detail.discharged_to_concept_id (visit_detail.discharged_to_concept_id) -> NA,NA
visit_detail.discharged_to_source_value (visit_detail.discharged_to_source_value) -> NA,NA
visit_detail.person_id (visit_detail.person_id) -> NA,NA
visit_detail.preceding_visit_detail_id (visit_detail.preceding_visit_detail_id) -> NA,NA
visit_detail.provider_id (visit_detail.provider_id) -> NA,NA
visit_detail.visit_detail_concept_id (visit_detail.visit_detail_concept_id) -> NA,NA
visit_detail.visit_detail_end_date (visit_detail.visit_detail_end_date) -> NA,NA
visit_detail.visit_detail_end_datetime (visit_detail.visit_detail_end_datetime) -> NA,NA
visit_detail.visit_detail_id (visit_detail.visit_detail_id) -> NA,NA
visit_detail.visit_detail_parent_id (visit_detail.visit_detail_parent_id) -> NA,NA
visit_detail.visit_detail_source_concept_id (visit_detail.visit_detail_source_concept_id) -> NA,NA
visit_detail.visit_detail_source_value (visit_detail.visit_detail_source_value) -> NA,NA
visit_detail.visit_detail_start_date (visit_detail.visit_detail_start_date) -> NA,NA
visit_detail.visit_detail_start_datetime (visit_detail.visit_detail_start_datetime) -> NA,NA
visit_detail.visit_detail_type_concept_id (visit_detail.visit_detail_type_concept_id) -> NA,NA
visit_detail.visit_occurrence_id (visit_detail.visit_occurrence_id) -> NA,NA
visit_occurrence.admitted_from_concept_id (visit_occurrence.admitted_from_concept_id) -> NA,NA
visit_occurrence.admitted_from_source_value (visit_occurrence.admitted_from_source_value) -> NA,NA
visit_occurrence.care_site_id (visit_occurrence.care_site_id) -> inpatientclaims.prvdr_num(inpatientclaims.prvdr_num) -> None.None
visit_occurrence.care_site_id (visit_occurrence.care_site_id) -> outpatientclaims.prvdr_num(outpatientclaims.prvdr_num) -> None.None
visit_occurrence.discharged_to_concept_id (visit_occurrence.discharged_to_concept_id) -> NA,NA
visit_occurrence.discharged_to_source_value (visit_occurrence.discharged_to_source_value) -> NA,NA
visit_occurrence.person_id (visit_occurrence.person_id) -> inpatientclaims.desynpuf_id(inpatientclaims.desynpuf_id) -> None.None
visit_occurrence.person_id (visit_occurrence.person_id) -> outpatientclaims.desynpuf_id(outpatientclaims.desynpuf_id) -> None.None
visit_occurrence.person_id (visit_occurrence.person_id) -> carrierclaims.desynpuf_id(carrierclaims.desynpuf_id) -> None.None
visit_occurrence.preceding_visit_occurrence_id (visit_occurrence.preceding_visit_occurrence_id) -> NA,NA
visit_occurrence.provider_id (visit_occurrence.provider_id) -> carrierclaims.prf_physn_npi(carrierclaims.prf_physn_npi) -> None.None
visit_occurrence.provider_id (visit_occurrence.provider_id) -> carrierclaims.line_alowd_chrg_amt(carrierclaims.line_alowd_chrg_amt) -> None.None
visit_occurrence.provider_id (visit_occurrence.provider_id) -> inpatientclaims.at_physn_npi(inpatientclaims.at_physn_npi) -> None.None
visit_occurrence.provider_id (visit_occurrence.provider_id) -> outpatientclaims.at_physn_npi(outpatientclaims.at_physn_npi) -> None.None
visit_occurrence.visit_concept_id (visit_occurrence.visit_concept_id) -> NA,NA
visit_occurrence.visit_end_date (visit_occurrence.visit_end_date) -> inpatientclaims.nch_bene_dschrg_dt(inpatientclaims.nch_bene_dschrg_dt) -> None.None
visit_occurrence.visit_end_date (visit_occurrence.visit_end_date) -> outpatientclaims.clm_thru_dt(outpatientclaims.clm_thru_dt) -> None.None
visit_occurrence.visit_end_date (visit_occurrence.visit_end_date) -> carrierclaims.clm_thru_dt(carrierclaims.clm_thru_dt) -> None.None
visit_occurrence.visit_end_datetime (visit_occurrence.visit_end_datetime) -> NA,NA
visit_occurrence.visit_occurrence_id (visit_occurrence.visit_occurrence_id) -> NA,NA
visit_occurrence.visit_source_concept_id (visit_occurrence.visit_source_concept_id) -> NA,NA
visit_occurrence.visit_source_value (visit_occurrence.visit_source_value) -> outpatientclaims.clm_id(outpatientclaims.clm_id) -> None.None
visit_occurrence.visit_source_value (visit_occurrence.visit_source_value) -> carrierclaims.clm_id(carrierclaims.clm_id) -> None.None
visit_occurrence.visit_source_value (visit_occurrence.visit_source_value) -> inpatientclaims.clm_id(inpatientclaims.clm_id) -> None.None
visit_occurrence.visit_start_date (visit_occurrence.visit_start_date) -> carrierclaims.clm_from_dt(carrierclaims.clm_from_dt) -> None.None
visit_occurrence.visit_start_date (visit_occurrence.visit_start_date) -> outpatientclaims.clm_from_dt(outpatientclaims.clm_from_dt) -> None.None
visit_occurrence.visit_start_date (visit_occurrence.visit_start_date) -> inpatientclaims.clm_admsn_dt(inpatientclaims.clm_admsn_dt) -> None.None
visit_occurrence.visit_start_datetime (visit_occurrence.visit_start_datetime) -> NA,NA
visit_occurrence.visit_type_concept_id (visit_occurrence.visit_type_concept_id) -> NA,NA
vocabulary.vocabulary_concept_id (vocabulary.vocabulary_concept_id) -> NA,NA
vocabulary.vocabulary_id (vocabulary.vocabulary_id) -> NA,NA
vocabulary.vocabulary_name (vocabulary.vocabulary_name) -> NA,NA
vocabulary.vocabulary_reference (vocabulary.vocabulary_reference) -> NA,NA
vocabulary.vocabulary_version (vocabulary.vocabulary_version) -> NA,NA